waypoint1	waypoint2	distance_m	duration_s
HHV7+23G, Nambung, Waduk Pd., Bringin, Kabupaten Ngawi, Jawa Timur 63285, Indonesia	Jl. Padepokan, Dari, Tawun, Kasreman, Kabupaten Ngawi, Jawa Timur 63281, Indonesia	11133	1184
Pilang, Wonokerto, Pilang, Kawu, Kec. Kedunggalar, Kabupaten Ngawi, Jawa Timur 63254, Indonesia	HHV7+23G, Nambung, Waduk Pd., Bringin, Kabupaten Ngawi, Jawa Timur 63285, Indonesia	30411	2825
JF65+34G, Ngawi, Ngawi Sub-District, Ngawi Regency, East Java 63218, Indonesia	HHV7+23G, Nambung, Waduk Pd., Bringin, Kabupaten Ngawi, Jawa Timur 63285, Indonesia	17430	1540
HHV7+23G, Nambung, Waduk Pd., Bringin, Kabupaten Ngawi, Jawa Timur 63285, Indonesia	Jl. Raya Solo-Ngawi Banjarejo, Kec. Kedunggalar, Kabupaten Ngawi, Jawa Timur 63254, Indonesia	36029	3145
HHV7+23G, Nambung, Waduk Pd., Bringin, Kabupaten Ngawi, Jawa Timur 63285, Indonesia	HJM6+FPV, Sumber Bening IV, Sumber Bening, Bringin, Kabupaten Ngawi, Jawa Timur 63285, Indonesia	8553	1155
HHV7+23G, Nambung, Waduk Pd., Bringin, Kabupaten Ngawi, Jawa Timur 63285, Indonesia	Jl. Rimau, Banjaran, Girikerto, Sine, Ngawi Regency, East Java 63264, Indonesia	59512	5783
H6V3+472, Kauman, Widodaren, Ngawi Regency, East Java 63256, Indonesia	HHV7+23G, Nambung, Waduk Pd., Bringin, Kabupaten Ngawi, Jawa Timur 63285, Indonesia	48596	4371
HHV7+23G, Nambung, Waduk Pd., Bringin, Kabupaten Ngawi, Jawa Timur 63285, Indonesia	C6HG+HGM, Hutan, Hutan Jogorogo, Jogorogo, Kabupaten Ngawi, Jawa Timur 63262, Indonesia	49682	4485
HHV7+23G, Nambung, Waduk Pd., Bringin, Kabupaten Ngawi, Jawa Timur 63285, Indonesia	F635+QQ2, Besek, Hargomulyo, Ngrambe, Kabupaten Ngawi, Jawa Timur 63263, Indonesia	54634	4993
HHV7+23G, Nambung, Waduk Pd., Bringin, Kabupaten Ngawi, Jawa Timur 63285, Indonesia	G4QW+2XP, Pohbebek, Tulakan, Sine, Kabupaten Ngawi, Jawa Timur 63264, Indonesia	71904	4857
HHV7+23G, Nambung, Waduk Pd., Bringin, Kabupaten Ngawi, Jawa Timur 63285, Indonesia	Jl. Water Park Tirtomolo, Sambi, Tempuran, Kec. Paron, Kabupaten Ngawi, Jawa Timur 63253, Indonesia	23283	2017
Jl. Ngrambe - Jogorogo, Sola, Setono, Ngrambe, Kabupaten Ngawi, Jawa Timur 63263, Indonesia	HHV7+23G, Nambung, Waduk Pd., Bringin, Kabupaten Ngawi, Jawa Timur 63285, Indonesia	46519	4057
Depan SMP 1 Ngrambe Jl Musi No 12, RT. 04 RW. 05, Ngrambe, Ngawi, Sidorejo, Ngrambe, Kabupaten Ngawi, Jawa Timur 63263, Indonesia	HHV7+23G, Nambung, Waduk Pd., Bringin, Kabupaten Ngawi, Jawa Timur 63285, Indonesia	49853	4476
Jalan Tanpa Nama, Ngendut, Hargomulyo, Ngrambe, Kabupaten Ngawi, Jawa Timur 63263, Indonesia	HHV7+23G, Nambung, Waduk Pd., Bringin, Kabupaten Ngawi, Jawa Timur 63285, Indonesia	53714	4897
HHV7+23G, Nambung, Waduk Pd., Bringin, Kabupaten Ngawi, Jawa Timur 63285, Indonesia	Sumberejo Sine, Area Kebun, Sumberejo, Sine, Kabupaten Ngawi, Jawa Timur 63264, Indonesia	52892	4737
Dusun Brendil Provinsi, Hutan, Babadan, Kec. Paron, Kabupaten Ngawi, Jawa Timur 63253, Indonesia	HHV7+23G, Nambung, Waduk Pd., Bringin, Kabupaten Ngawi, Jawa Timur 63285, Indonesia	37457	3419
C6JX+PQ2, Gagar, Ngrayudan, Jogorogo, Kabupaten Ngawi, Jawa Timur 63262, Indonesia	HHV7+23G, Nambung, Waduk Pd., Bringin, Kabupaten Ngawi, Jawa Timur 63285, Indonesia	48260	4404
HHV7+23G, Nambung, Waduk Pd., Bringin, Kabupaten Ngawi, Jawa Timur 63285, Indonesia	C5W9+77F, Pandansari, Sine, Kabupaten Ngawi, Jawa Timur 63264, Indonesia	62177	5947
Jalan Tanpa Nama, Punen, Hargomulyo, Ngrambe, Kabupaten Ngawi, Jawa Timur 63263, Indonesia	HHV7+23G, Nambung, Waduk Pd., Bringin, Kabupaten Ngawi, Jawa Timur 63285, Indonesia	56203	5546
HHV7+23G, Nambung, Waduk Pd., Bringin, Kabupaten Ngawi, Jawa Timur 63285, Indonesia	H8Q9+5GW, Ngarengan, Jenggrik, Kec. Kedunggalar, Kabupaten Ngawi, Jawa Timur 63254, Indonesia	32267	2918
G7QM+VWV, Wonorejo, Kec. Kedunggalar, Kabupaten Ngawi, Jawa Timur 63254, Indonesia	HHV7+23G, Nambung, Waduk Pd., Bringin, Kabupaten Ngawi, Jawa Timur 63285, Indonesia	41040	3774
HHV7+23G, Nambung, Waduk Pd., Bringin, Kabupaten Ngawi, Jawa Timur 63285, Indonesia	Jl. Poros, Putat, Tempuran, Kec. Paron, Kabupaten Ngawi, Jawa Timur 63253, Indonesia	24476	2108
HHV7+23G, Nambung, Waduk Pd., Bringin, Kabupaten Ngawi, Jawa Timur 63285, Indonesia	Jl. Ketanggung No.20, Krajan, Kuniran, Sine, Kabupaten Ngawi, Jawa Timur 63264, Indonesia	55805	5029
C5P8+8CP Pariwisata wonosari, Gondangrejo, Wonosari, Sine, Kabupaten Ngawi, Jawa Timur 63264, Indonesia	HHV7+23G, Nambung, Waduk Pd., Bringin, Kabupaten Ngawi, Jawa Timur 63285, Indonesia	64112	6166
Pilang, Wonokerto, Pilang, Kawu, Kec. Kedunggalar, Kabupaten Ngawi, Jawa Timur 63254, Indonesia	Jl. Padepokan, Dari, Tawun, Kasreman, Kabupaten Ngawi, Jawa Timur 63281, Indonesia	19936	2078
JF65+34G, Ngawi, Ngawi Sub-District, Ngawi Regency, East Java 63218, Indonesia	Jl. Padepokan, Dari, Tawun, Kasreman, Kabupaten Ngawi, Jawa Timur 63281, Indonesia	4772	638
Jl. Raya Solo-Ngawi Banjarejo, Kec. Kedunggalar, Kabupaten Ngawi, Jawa Timur 63254, Indonesia	Jl. Padepokan, Dari, Tawun, Kasreman, Kabupaten Ngawi, Jawa Timur 63281, Indonesia	25553	2397
HJM6+FPV, Sumber Bening IV, Sumber Bening, Bringin, Kabupaten Ngawi, Jawa Timur 63285, Indonesia	Jl. Padepokan, Dari, Tawun, Kasreman, Kabupaten Ngawi, Jawa Timur 63281, Indonesia	19434	1801
Jl. Rimau, Banjaran, Girikerto, Sine, Ngawi Regency, East Java 63264, Indonesia	Jl. Padepokan, Dari, Tawun, Kasreman, Kabupaten Ngawi, Jawa Timur 63281, Indonesia	49659	5068
H6V3+472, Kauman, Widodaren, Ngawi Regency, East Java 63256, Indonesia	Jl. Padepokan, Dari, Tawun, Kasreman, Kabupaten Ngawi, Jawa Timur 63281, Indonesia	38120	3623
Jl. Padepokan, Dari, Tawun, Kasreman, Kabupaten Ngawi, Jawa Timur 63281, Indonesia	C6HG+HGM, Hutan, Hutan Jogorogo, Jogorogo, Kabupaten Ngawi, Jawa Timur 63262, Indonesia	39829	3769
F635+QQ2, Besek, Hargomulyo, Ngrambe, Kabupaten Ngawi, Jawa Timur 63263, Indonesia	Jl. Padepokan, Dari, Tawun, Kasreman, Kabupaten Ngawi, Jawa Timur 63281, Indonesia	44780	4278
G4QW+2XP, Pohbebek, Tulakan, Sine, Kabupaten Ngawi, Jawa Timur 63264, Indonesia	Jl. Padepokan, Dari, Tawun, Kasreman, Kabupaten Ngawi, Jawa Timur 63281, Indonesia	62051	4142
Jl. Water Park Tirtomolo, Sambi, Tempuran, Kec. Paron, Kabupaten Ngawi, Jawa Timur 63253, Indonesia	Jl. Padepokan, Dari, Tawun, Kasreman, Kabupaten Ngawi, Jawa Timur 63281, Indonesia	13430	1302
Jl. Ngrambe - Jogorogo, Sola, Setono, Ngrambe, Kabupaten Ngawi, Jawa Timur 63263, Indonesia	Jl. Padepokan, Dari, Tawun, Kasreman, Kabupaten Ngawi, Jawa Timur 63281, Indonesia	36666	3342
Depan SMP 1 Ngrambe Jl Musi No 12, RT. 04 RW. 05, Ngrambe, Ngawi, Sidorejo, Ngrambe, Kabupaten Ngawi, Jawa Timur 63263, Indonesia	Jl. Padepokan, Dari, Tawun, Kasreman, Kabupaten Ngawi, Jawa Timur 63281, Indonesia	40000	3761
Jalan Tanpa Nama, Ngendut, Hargomulyo, Ngrambe, Kabupaten Ngawi, Jawa Timur 63263, Indonesia	Jl. Padepokan, Dari, Tawun, Kasreman, Kabupaten Ngawi, Jawa Timur 63281, Indonesia	43861	4181
Sumberejo Sine, Area Kebun, Sumberejo, Sine, Kabupaten Ngawi, Jawa Timur 63264, Indonesia	Jl. Padepokan, Dari, Tawun, Kasreman, Kabupaten Ngawi, Jawa Timur 63281, Indonesia	43039	4022
Dusun Brendil Provinsi, Hutan, Babadan, Kec. Paron, Kabupaten Ngawi, Jawa Timur 63253, Indonesia	Jl. Padepokan, Dari, Tawun, Kasreman, Kabupaten Ngawi, Jawa Timur 63281, Indonesia	27604	2703
C6JX+PQ2, Gagar, Ngrayudan, Jogorogo, Kabupaten Ngawi, Jawa Timur 63262, Indonesia	Jl. Padepokan, Dari, Tawun, Kasreman, Kabupaten Ngawi, Jawa Timur 63281, Indonesia	38407	3689
C5W9+77F, Pandansari, Sine, Kabupaten Ngawi, Jawa Timur 63264, Indonesia	Jl. Padepokan, Dari, Tawun, Kasreman, Kabupaten Ngawi, Jawa Timur 63281, Indonesia	52323	5232
Jalan Tanpa Nama, Punen, Hargomulyo, Ngrambe, Kabupaten Ngawi, Jawa Timur 63263, Indonesia	Jl. Padepokan, Dari, Tawun, Kasreman, Kabupaten Ngawi, Jawa Timur 63281, Indonesia	46350	4831
H8Q9+5GW, Ngarengan, Jenggrik, Kec. Kedunggalar, Kabupaten Ngawi, Jawa Timur 63254, Indonesia	Jl. Padepokan, Dari, Tawun, Kasreman, Kabupaten Ngawi, Jawa Timur 63281, Indonesia	21791	2171
G7QM+VWV, Wonorejo, Kec. Kedunggalar, Kabupaten Ngawi, Jawa Timur 63254, Indonesia	Jl. Padepokan, Dari, Tawun, Kasreman, Kabupaten Ngawi, Jawa Timur 63281, Indonesia	31187	3059
Jl. Padepokan, Dari, Tawun, Kasreman, Kabupaten Ngawi, Jawa Timur 63281, Indonesia	Jl. Poros, Putat, Tempuran, Kec. Paron, Kabupaten Ngawi, Jawa Timur 63253, Indonesia	14623	1393
Jl. Padepokan, Dari, Tawun, Kasreman, Kabupaten Ngawi, Jawa Timur 63281, Indonesia	Jl. Ketanggung No.20, Krajan, Kuniran, Sine, Kabupaten Ngawi, Jawa Timur 63264, Indonesia	45952	4314
C5P8+8CP Pariwisata wonosari, Gondangrejo, Wonosari, Sine, Kabupaten Ngawi, Jawa Timur 63264, Indonesia	Jl. Padepokan, Dari, Tawun, Kasreman, Kabupaten Ngawi, Jawa Timur 63281, Indonesia	54259	5450
Pilang, Wonokerto, Pilang, Kawu, Kec. Kedunggalar, Kabupaten Ngawi, Jawa Timur 63254, Indonesia	JF65+34G, Ngawi, Ngawi Sub-District, Ngawi Regency, East Java 63218, Indonesia	17445	1736
Pilang, Wonokerto, Pilang, Kawu, Kec. Kedunggalar, Kabupaten Ngawi, Jawa Timur 63254, Indonesia	Jl. Raya Solo-Ngawi Banjarejo, Kec. Kedunggalar, Kabupaten Ngawi, Jawa Timur 63254, Indonesia	11903	1056
Pilang, Wonokerto, Pilang, Kawu, Kec. Kedunggalar, Kabupaten Ngawi, Jawa Timur 63254, Indonesia	HJM6+FPV, Sumber Bening IV, Sumber Bening, Bringin, Kabupaten Ngawi, Jawa Timur 63285, Indonesia	35765	3277
Pilang, Wonokerto, Pilang, Kawu, Kec. Kedunggalar, Kabupaten Ngawi, Jawa Timur 63254, Indonesia	Jl. Rimau, Banjaran, Girikerto, Sine, Ngawi Regency, East Java 63264, Indonesia	39414	4370
Pilang, Wonokerto, Pilang, Kawu, Kec. Kedunggalar, Kabupaten Ngawi, Jawa Timur 63254, Indonesia	H6V3+472, Kauman, Widodaren, Ngawi Regency, East Java 63256, Indonesia	24470	2282
Pilang, Wonokerto, Pilang, Kawu, Kec. Kedunggalar, Kabupaten Ngawi, Jawa Timur 63254, Indonesia	C6HG+HGM, Hutan, Hutan Jogorogo, Jogorogo, Kabupaten Ngawi, Jawa Timur 63262, Indonesia	29584	3072
Pilang, Wonokerto, Pilang, Kawu, Kec. Kedunggalar, Kabupaten Ngawi, Jawa Timur 63254, Indonesia	F635+QQ2, Besek, Hargomulyo, Ngrambe, Kabupaten Ngawi, Jawa Timur 63263, Indonesia	34535	3580
Pilang, Wonokerto, Pilang, Kawu, Kec. Kedunggalar, Kabupaten Ngawi, Jawa Timur 63254, Indonesia	G4QW+2XP, Pohbebek, Tulakan, Sine, Kabupaten Ngawi, Jawa Timur 63264, Indonesia	41276	3718
Pilang, Wonokerto, Pilang, Kawu, Kec. Kedunggalar, Kabupaten Ngawi, Jawa Timur 63254, Indonesia	Jl. Water Park Tirtomolo, Sambi, Tempuran, Kec. Paron, Kabupaten Ngawi, Jawa Timur 63253, Indonesia	19230	1811
Pilang, Wonokerto, Pilang, Kawu, Kec. Kedunggalar, Kabupaten Ngawi, Jawa Timur 63254, Indonesia	Jl. Ngrambe - Jogorogo, Sola, Setono, Ngrambe, Kabupaten Ngawi, Jawa Timur 63263, Indonesia	26421	2644
Pilang, Wonokerto, Pilang, Kawu, Kec. Kedunggalar, Kabupaten Ngawi, Jawa Timur 63254, Indonesia	Depan SMP 1 Ngrambe Jl Musi No 12, RT. 04 RW. 05, Ngrambe, Ngawi, Sidorejo, Ngrambe, Kabupaten Ngawi, Jawa Timur 63263, Indonesia	33819	2995
Jalan Tanpa Nama, Ngendut, Hargomulyo, Ngrambe, Kabupaten Ngawi, Jawa Timur 63263, Indonesia	Pilang, Wonokerto, Pilang, Kawu, Kec. Kedunggalar, Kabupaten Ngawi, Jawa Timur 63254, Indonesia	33616	3484
Pilang, Wonokerto, Pilang, Kawu, Kec. Kedunggalar, Kabupaten Ngawi, Jawa Timur 63254, Indonesia	Sumberejo Sine, Area Kebun, Sumberejo, Sine, Kabupaten Ngawi, Jawa Timur 63264, Indonesia	32793	3325
Pilang, Wonokerto, Pilang, Kawu, Kec. Kedunggalar, Kabupaten Ngawi, Jawa Timur 63254, Indonesia	Dusun Brendil Provinsi, Hutan, Babadan, Kec. Paron, Kabupaten Ngawi, Jawa Timur 63253, Indonesia	23395	2384
Pilang, Wonokerto, Pilang, Kawu, Kec. Kedunggalar, Kabupaten Ngawi, Jawa Timur 63254, Indonesia	C6JX+PQ2, Gagar, Ngrayudan, Jogorogo, Kabupaten Ngawi, Jawa Timur 63262, Indonesia	32415	3282
Pilang, Wonokerto, Pilang, Kawu, Kec. Kedunggalar, Kabupaten Ngawi, Jawa Timur 63254, Indonesia	C5W9+77F, Pandansari, Sine, Kabupaten Ngawi, Jawa Timur 63264, Indonesia	42078	4534
Pilang, Wonokerto, Pilang, Kawu, Kec. Kedunggalar, Kabupaten Ngawi, Jawa Timur 63254, Indonesia	Jalan Tanpa Nama, Punen, Hargomulyo, Ngrambe, Kabupaten Ngawi, Jawa Timur 63263, Indonesia	36104	4134
Pilang, Wonokerto, Pilang, Kawu, Kec. Kedunggalar, Kabupaten Ngawi, Jawa Timur 63254, Indonesia	H8Q9+5GW, Ngarengan, Jenggrik, Kec. Kedunggalar, Kabupaten Ngawi, Jawa Timur 63254, Indonesia	8141	830
Pilang, Wonokerto, Pilang, Kawu, Kec. Kedunggalar, Kabupaten Ngawi, Jawa Timur 63254, Indonesia	G7QM+VWV, Wonorejo, Kec. Kedunggalar, Kabupaten Ngawi, Jawa Timur 63254, Indonesia	16608	1820
Pilang, Wonokerto, Pilang, Kawu, Kec. Kedunggalar, Kabupaten Ngawi, Jawa Timur 63254, Indonesia	Jl. Poros, Putat, Tempuran, Kec. Paron, Kabupaten Ngawi, Jawa Timur 63253, Indonesia	18774	1870
Pilang, Wonokerto, Pilang, Kawu, Kec. Kedunggalar, Kabupaten Ngawi, Jawa Timur 63254, Indonesia	Jl. Ketanggung No.20, Krajan, Kuniran, Sine, Kabupaten Ngawi, Jawa Timur 63264, Indonesia	35706	3616
C5P8+8CP Pariwisata wonosari, Gondangrejo, Wonosari, Sine, Kabupaten Ngawi, Jawa Timur 63264, Indonesia	Pilang, Wonokerto, Pilang, Kawu, Kec. Kedunggalar, Kabupaten Ngawi, Jawa Timur 63254, Indonesia	44013	4753
JF65+34G, Ngawi, Ngawi Sub-District, Ngawi Regency, East Java 63218, Indonesia	Jl. Raya Solo-Ngawi Banjarejo, Kec. Kedunggalar, Kabupaten Ngawi, Jawa Timur 63254, Indonesia	23099	2106
JF65+34G, Ngawi, Ngawi Sub-District, Ngawi Regency, East Java 63218, Indonesia	HJM6+FPV, Sumber Bening IV, Sumber Bening, Bringin, Kabupaten Ngawi, Jawa Timur 63285, Indonesia	22819	2031
JF65+34G, Ngawi, Ngawi Sub-District, Ngawi Regency, East Java 63218, Indonesia	Jl. Rimau, Banjaran, Girikerto, Sine, Ngawi Regency, East Java 63264, Indonesia	46145	4833
JF65+34G, Ngawi, Ngawi Sub-District, Ngawi Regency, East Java 63218, Indonesia	H6V3+472, Kauman, Widodaren, Ngawi Regency, East Java 63256, Indonesia	35666	3332
JF65+34G, Ngawi, Ngawi Sub-District, Ngawi Regency, East Java 63218, Indonesia	C6HG+HGM, Hutan, Hutan Jogorogo, Jogorogo, Kabupaten Ngawi, Jawa Timur 63262, Indonesia	36315	3534
JF65+34G, Ngawi, Ngawi Sub-District, Ngawi Regency, East Java 63218, Indonesia	F635+QQ2, Besek, Hargomulyo, Ngrambe, Kabupaten Ngawi, Jawa Timur 63263, Indonesia	41266	4043
JF65+34G, Ngawi, Ngawi Sub-District, Ngawi Regency, East Java 63218, Indonesia	G4QW+2XP, Pohbebek, Tulakan, Sine, Kabupaten Ngawi, Jawa Timur 63264, Indonesia	58806	3854
JF65+34G, Ngawi, Ngawi Sub-District, Ngawi Regency, East Java 63218, Indonesia	Jl. Water Park Tirtomolo, Sambi, Tempuran, Kec. Paron, Kabupaten Ngawi, Jawa Timur 63253, Indonesia	11242	1129
JF65+34G, Ngawi, Ngawi Sub-District, Ngawi Regency, East Java 63218, Indonesia	Jl. Ngrambe - Jogorogo, Sola, Setono, Ngrambe, Kabupaten Ngawi, Jawa Timur 63263, Indonesia	33152	3107
JF65+34G, Ngawi, Ngawi Sub-District, Ngawi Regency, East Java 63218, Indonesia	Depan SMP 1 Ngrambe Jl Musi No 12, RT. 04 RW. 05, Ngrambe, Ngawi, Sidorejo, Ngrambe, Kabupaten Ngawi, Jawa Timur 63263, Indonesia	36485	3526
Jalan Tanpa Nama, Ngendut, Hargomulyo, Ngrambe, Kabupaten Ngawi, Jawa Timur 63263, Indonesia	JF65+34G, Ngawi, Ngawi Sub-District, Ngawi Regency, East Java 63218, Indonesia	40347	3946
JF65+34G, Ngawi, Ngawi Sub-District, Ngawi Regency, East Java 63218, Indonesia	Sumberejo Sine, Area Kebun, Sumberejo, Sine, Kabupaten Ngawi, Jawa Timur 63264, Indonesia	39524	3787
Dusun Brendil Provinsi, Hutan, Babadan, Kec. Paron, Kabupaten Ngawi, Jawa Timur 63253, Indonesia	JF65+34G, Ngawi, Ngawi Sub-District, Ngawi Regency, East Java 63218, Indonesia	24090	2468
JF65+34G, Ngawi, Ngawi Sub-District, Ngawi Regency, East Java 63218, Indonesia	C6JX+PQ2, Gagar, Ngrayudan, Jogorogo, Kabupaten Ngawi, Jawa Timur 63262, Indonesia	34892	3454
JF65+34G, Ngawi, Ngawi Sub-District, Ngawi Regency, East Java 63218, Indonesia	C5W9+77F, Pandansari, Sine, Kabupaten Ngawi, Jawa Timur 63264, Indonesia	48809	4997
Jalan Tanpa Nama, Punen, Hargomulyo, Ngrambe, Kabupaten Ngawi, Jawa Timur 63263, Indonesia	JF65+34G, Ngawi, Ngawi Sub-District, Ngawi Regency, East Java 63218, Indonesia	42835	4596
JF65+34G, Ngawi, Ngawi Sub-District, Ngawi Regency, East Java 63218, Indonesia	H8Q9+5GW, Ngarengan, Jenggrik, Kec. Kedunggalar, Kabupaten Ngawi, Jawa Timur 63254, Indonesia	19336	1879
JF65+34G, Ngawi, Ngawi Sub-District, Ngawi Regency, East Java 63218, Indonesia	G7QM+VWV, Wonorejo, Kec. Kedunggalar, Kabupaten Ngawi, Jawa Timur 63254, Indonesia	27803	2869
JF65+34G, Ngawi, Ngawi Sub-District, Ngawi Regency, East Java 63218, Indonesia	Jl. Poros, Putat, Tempuran, Kec. Paron, Kabupaten Ngawi, Jawa Timur 63253, Indonesia	12435	1220
JF65+34G, Ngawi, Ngawi Sub-District, Ngawi Regency, East Java 63218, Indonesia	Jl. Ketanggung No.20, Krajan, Kuniran, Sine, Kabupaten Ngawi, Jawa Timur 63264, Indonesia	42437	4078
C5P8+8CP Pariwisata wonosari, Gondangrejo, Wonosari, Sine, Kabupaten Ngawi, Jawa Timur 63264, Indonesia	JF65+34G, Ngawi, Ngawi Sub-District, Ngawi Regency, East Java 63218, Indonesia	50744	5215
Jl. Raya Solo-Ngawi Banjarejo, Kec. Kedunggalar, Kabupaten Ngawi, Jawa Timur 63254, Indonesia	HJM6+FPV, Sumber Bening IV, Sumber Bening, Bringin, Kabupaten Ngawi, Jawa Timur 63285, Indonesia	41383	3609
Jl. Raya Solo-Ngawi Banjarejo, Kec. Kedunggalar, Kabupaten Ngawi, Jawa Timur 63254, Indonesia	Jl. Rimau, Banjaran, Girikerto, Sine, Ngawi Regency, East Java 63264, Indonesia	32905	3445
H6V3+472, Kauman, Widodaren, Ngawi Regency, East Java 63256, Indonesia	Jl. Raya Solo-Ngawi Banjarejo, Kec. Kedunggalar, Kabupaten Ngawi, Jawa Timur 63254, Indonesia	12567	1226
Jl. Raya Solo-Ngawi Banjarejo, Kec. Kedunggalar, Kabupaten Ngawi, Jawa Timur 63254, Indonesia	C6HG+HGM, Hutan, Hutan Jogorogo, Jogorogo, Kabupaten Ngawi, Jawa Timur 63262, Indonesia	30753	3039
F635+QQ2, Besek, Hargomulyo, Ngrambe, Kabupaten Ngawi, Jawa Timur 63263, Indonesia	Jl. Raya Solo-Ngawi Banjarejo, Kec. Kedunggalar, Kabupaten Ngawi, Jawa Timur 63254, Indonesia	28428	2723
Jl. Raya Solo-Ngawi Banjarejo, Kec. Kedunggalar, Kabupaten Ngawi, Jawa Timur 63254, Indonesia	G4QW+2XP, Pohbebek, Tulakan, Sine, Kabupaten Ngawi, Jawa Timur 63264, Indonesia	29372	2662
Jl. Water Park Tirtomolo, Sambi, Tempuran, Kec. Paron, Kabupaten Ngawi, Jawa Timur 63253, Indonesia	Jl. Raya Solo-Ngawi Banjarejo, Kec. Kedunggalar, Kabupaten Ngawi, Jawa Timur 63254, Indonesia	24848	2143
Jl. Ngrambe - Jogorogo, Sola, Setono, Ngrambe, Kabupaten Ngawi, Jawa Timur 63263, Indonesia	Jl. Raya Solo-Ngawi Banjarejo, Kec. Kedunggalar, Kabupaten Ngawi, Jawa Timur 63254, Indonesia	26029	2330
Depan SMP 1 Ngrambe Jl Musi No 12, RT. 04 RW. 05, Ngrambe, Ngawi, Sidorejo, Ngrambe, Kabupaten Ngawi, Jawa Timur 63263, Indonesia	Jl. Raya Solo-Ngawi Banjarejo, Kec. Kedunggalar, Kabupaten Ngawi, Jawa Timur 63254, Indonesia	21916	1939
Jalan Tanpa Nama, Ngendut, Hargomulyo, Ngrambe, Kabupaten Ngawi, Jawa Timur 63263, Indonesia	Jl. Raya Solo-Ngawi Banjarejo, Kec. Kedunggalar, Kabupaten Ngawi, Jawa Timur 63254, Indonesia	27509	2627
Jl. Raya Solo-Ngawi Banjarejo, Kec. Kedunggalar, Kabupaten Ngawi, Jawa Timur 63254, Indonesia	Sumberejo Sine, Area Kebun, Sumberejo, Sine, Kabupaten Ngawi, Jawa Timur 63264, Indonesia	26285	2399
Dusun Brendil Provinsi, Hutan, Babadan, Kec. Paron, Kabupaten Ngawi, Jawa Timur 63253, Indonesia	Jl. Raya Solo-Ngawi Banjarejo, Kec. Kedunggalar, Kabupaten Ngawi, Jawa Timur 63254, Indonesia	29013	2716
C6JX+PQ2, Gagar, Ngrayudan, Jogorogo, Kabupaten Ngawi, Jawa Timur 63262, Indonesia	Jl. Raya Solo-Ngawi Banjarejo, Kec. Kedunggalar, Kabupaten Ngawi, Jawa Timur 63254, Indonesia	33584	3249
Jl. Raya Solo-Ngawi Banjarejo, Kec. Kedunggalar, Kabupaten Ngawi, Jawa Timur 63254, Indonesia	C5W9+77F, Pandansari, Sine, Kabupaten Ngawi, Jawa Timur 63264, Indonesia	35569	3609
Jalan Tanpa Nama, Punen, Hargomulyo, Ngrambe, Kabupaten Ngawi, Jawa Timur 63263, Indonesia	Jl. Raya Solo-Ngawi Banjarejo, Kec. Kedunggalar, Kabupaten Ngawi, Jawa Timur 63254, Indonesia	29997	3276
Jl. Raya Solo-Ngawi Banjarejo, Kec. Kedunggalar, Kabupaten Ngawi, Jawa Timur 63254, Indonesia	H8Q9+5GW, Ngarengan, Jenggrik, Kec. Kedunggalar, Kabupaten Ngawi, Jawa Timur 63254, Indonesia	9310	797
G7QM+VWV, Wonorejo, Kec. Kedunggalar, Kabupaten Ngawi, Jawa Timur 63254, Indonesia	Jl. Raya Solo-Ngawi Banjarejo, Kec. Kedunggalar, Kabupaten Ngawi, Jawa Timur 63254, Indonesia	17777	1787
Jl. Raya Solo-Ngawi Banjarejo, Kec. Kedunggalar, Kabupaten Ngawi, Jawa Timur 63254, Indonesia	Jl. Poros, Putat, Tempuran, Kec. Paron, Kabupaten Ngawi, Jawa Timur 63253, Indonesia	24391	2202
Jl. Raya Solo-Ngawi Banjarejo, Kec. Kedunggalar, Kabupaten Ngawi, Jawa Timur 63254, Indonesia	Jl. Ketanggung No.20, Krajan, Kuniran, Sine, Kabupaten Ngawi, Jawa Timur 63264, Indonesia	26954	2589
C5P8+8CP Pariwisata wonosari, Gondangrejo, Wonosari, Sine, Kabupaten Ngawi, Jawa Timur 63264, Indonesia	Jl. Raya Solo-Ngawi Banjarejo, Kec. Kedunggalar, Kabupaten Ngawi, Jawa Timur 63254, Indonesia	37505	3828
Jl. Rimau, Banjaran, Girikerto, Sine, Ngawi Regency, East Java 63264, Indonesia	HJM6+FPV, Sumber Bening IV, Sumber Bening, Bringin, Kabupaten Ngawi, Jawa Timur 63285, Indonesia	64866	6244
H6V3+472, Kauman, Widodaren, Ngawi Regency, East Java 63256, Indonesia	HJM6+FPV, Sumber Bening IV, Sumber Bening, Bringin, Kabupaten Ngawi, Jawa Timur 63285, Indonesia	53950	4832
HJM6+FPV, Sumber Bening IV, Sumber Bening, Bringin, Kabupaten Ngawi, Jawa Timur 63285, Indonesia	C6HG+HGM, Hutan, Hutan Jogorogo, Jogorogo, Kabupaten Ngawi, Jawa Timur 63262, Indonesia	55036	4946
F635+QQ2, Besek, Hargomulyo, Ngrambe, Kabupaten Ngawi, Jawa Timur 63263, Indonesia	HJM6+FPV, Sumber Bening IV, Sumber Bening, Bringin, Kabupaten Ngawi, Jawa Timur 63285, Indonesia	59987	5454
G4QW+2XP, Pohbebek, Tulakan, Sine, Kabupaten Ngawi, Jawa Timur 63264, Indonesia	HJM6+FPV, Sumber Bening IV, Sumber Bening, Bringin, Kabupaten Ngawi, Jawa Timur 63285, Indonesia	77258	5318
Jl. Water Park Tirtomolo, Sambi, Tempuran, Kec. Paron, Kabupaten Ngawi, Jawa Timur 63253, Indonesia	HJM6+FPV, Sumber Bening IV, Sumber Bening, Bringin, Kabupaten Ngawi, Jawa Timur 63285, Indonesia	28637	2478
Jl. Ngrambe - Jogorogo, Sola, Setono, Ngrambe, Kabupaten Ngawi, Jawa Timur 63263, Indonesia	HJM6+FPV, Sumber Bening IV, Sumber Bening, Bringin, Kabupaten Ngawi, Jawa Timur 63285, Indonesia	51873	4518
Depan SMP 1 Ngrambe Jl Musi No 12, RT. 04 RW. 05, Ngrambe, Ngawi, Sidorejo, Ngrambe, Kabupaten Ngawi, Jawa Timur 63263, Indonesia	HJM6+FPV, Sumber Bening IV, Sumber Bening, Bringin, Kabupaten Ngawi, Jawa Timur 63285, Indonesia	55207	4937
Jalan Tanpa Nama, Ngendut, Hargomulyo, Ngrambe, Kabupaten Ngawi, Jawa Timur 63263, Indonesia	HJM6+FPV, Sumber Bening IV, Sumber Bening, Bringin, Kabupaten Ngawi, Jawa Timur 63285, Indonesia	59068	5358
Sumberejo Sine, Area Kebun, Sumberejo, Sine, Kabupaten Ngawi, Jawa Timur 63264, Indonesia	HJM6+FPV, Sumber Bening IV, Sumber Bening, Bringin, Kabupaten Ngawi, Jawa Timur 63285, Indonesia	58246	5198
Dusun Brendil Provinsi, Hutan, Babadan, Kec. Paron, Kabupaten Ngawi, Jawa Timur 63253, Indonesia	HJM6+FPV, Sumber Bening IV, Sumber Bening, Bringin, Kabupaten Ngawi, Jawa Timur 63285, Indonesia	42811	3880
C6JX+PQ2, Gagar, Ngrayudan, Jogorogo, Kabupaten Ngawi, Jawa Timur 63262, Indonesia	HJM6+FPV, Sumber Bening IV, Sumber Bening, Bringin, Kabupaten Ngawi, Jawa Timur 63285, Indonesia	53614	4865
C5W9+77F, Pandansari, Sine, Kabupaten Ngawi, Jawa Timur 63264, Indonesia	HJM6+FPV, Sumber Bening IV, Sumber Bening, Bringin, Kabupaten Ngawi, Jawa Timur 63285, Indonesia	67530	6408
Jalan Tanpa Nama, Punen, Hargomulyo, Ngrambe, Kabupaten Ngawi, Jawa Timur 63263, Indonesia	HJM6+FPV, Sumber Bening IV, Sumber Bening, Bringin, Kabupaten Ngawi, Jawa Timur 63285, Indonesia	61557	6007
H8Q9+5GW, Ngarengan, Jenggrik, Kec. Kedunggalar, Kabupaten Ngawi, Jawa Timur 63254, Indonesia	HJM6+FPV, Sumber Bening IV, Sumber Bening, Bringin, Kabupaten Ngawi, Jawa Timur 63285, Indonesia	37620	3379
G7QM+VWV, Wonorejo, Kec. Kedunggalar, Kabupaten Ngawi, Jawa Timur 63254, Indonesia	HJM6+FPV, Sumber Bening IV, Sumber Bening, Bringin, Kabupaten Ngawi, Jawa Timur 63285, Indonesia	46394	4235
HJM6+FPV, Sumber Bening IV, Sumber Bening, Bringin, Kabupaten Ngawi, Jawa Timur 63285, Indonesia	Jl. Poros, Putat, Tempuran, Kec. Paron, Kabupaten Ngawi, Jawa Timur 63253, Indonesia	29830	2569
HJM6+FPV, Sumber Bening IV, Sumber Bening, Bringin, Kabupaten Ngawi, Jawa Timur 63285, Indonesia	Jl. Ketanggung No.20, Krajan, Kuniran, Sine, Kabupaten Ngawi, Jawa Timur 63264, Indonesia	61159	5490
C5P8+8CP Pariwisata wonosari, Gondangrejo, Wonosari, Sine, Kabupaten Ngawi, Jawa Timur 63264, Indonesia	HJM6+FPV, Sumber Bening IV, Sumber Bening, Bringin, Kabupaten Ngawi, Jawa Timur 63285, Indonesia	69466	6627
H6V3+472, Kauman, Widodaren, Ngawi Regency, East Java 63256, Indonesia	Jl. Rimau, Banjaran, Girikerto, Sine, Ngawi Regency, East Java 63264, Indonesia	25638	2848
Jl. Rimau, Banjaran, Girikerto, Sine, Ngawi Regency, East Java 63264, Indonesia	C6HG+HGM, Hutan, Hutan Jogorogo, Jogorogo, Kabupaten Ngawi, Jawa Timur 63262, Indonesia	21041	2573
F635+QQ2, Besek, Hargomulyo, Ngrambe, Kabupaten Ngawi, Jawa Timur 63263, Indonesia	Jl. Rimau, Banjaran, Girikerto, Sine, Ngawi Regency, East Java 63264, Indonesia	15392	2061
G4QW+2XP, Pohbebek, Tulakan, Sine, Kabupaten Ngawi, Jawa Timur 63264, Indonesia	Jl. Rimau, Banjaran, Girikerto, Sine, Ngawi Regency, East Java 63264, Indonesia	17817	2167
Jl. Water Park Tirtomolo, Sambi, Tempuran, Kec. Paron, Kabupaten Ngawi, Jawa Timur 63253, Indonesia	Jl. Rimau, Banjaran, Girikerto, Sine, Ngawi Regency, East Java 63264, Indonesia	40332	4153
Jl. Ngrambe - Jogorogo, Sola, Setono, Ngrambe, Kabupaten Ngawi, Jawa Timur 63263, Indonesia	Jl. Rimau, Banjaran, Girikerto, Sine, Ngawi Regency, East Java 63264, Indonesia	12993	1668
Depan SMP 1 Ngrambe Jl Musi No 12, RT. 04 RW. 05, Ngrambe, Ngawi, Sidorejo, Ngrambe, Kabupaten Ngawi, Jawa Timur 63263, Indonesia	Jl. Rimau, Banjaran, Girikerto, Sine, Ngawi Regency, East Java 63264, Indonesia	11182	1504
Jalan Tanpa Nama, Ngendut, Hargomulyo, Ngrambe, Kabupaten Ngawi, Jawa Timur 63263, Indonesia	Jl. Rimau, Banjaran, Girikerto, Sine, Ngawi Regency, East Java 63264, Indonesia	7602	1856
Sumberejo Sine, Area Kebun, Sumberejo, Sine, Kabupaten Ngawi, Jawa Timur 63264, Indonesia	Jl. Rimau, Banjaran, Girikerto, Sine, Ngawi Regency, East Java 63264, Indonesia	9229	1289
Dusun Brendil Provinsi, Hutan, Babadan, Kec. Paron, Kabupaten Ngawi, Jawa Timur 63253, Indonesia	Jl. Rimau, Banjaran, Girikerto, Sine, Ngawi Regency, East Java 63264, Indonesia	26417	3054
C6JX+PQ2, Gagar, Ngrayudan, Jogorogo, Kabupaten Ngawi, Jawa Timur 63262, Indonesia	Jl. Rimau, Banjaran, Girikerto, Sine, Ngawi Regency, East Java 63264, Indonesia	21363	2861
C5W9+77F, Pandansari, Sine, Kabupaten Ngawi, Jawa Timur 63264, Indonesia	Jl. Rimau, Banjaran, Girikerto, Sine, Ngawi Regency, East Java 63264, Indonesia	4918	1121
Jalan Tanpa Nama, Punen, Hargomulyo, Ngrambe, Kabupaten Ngawi, Jawa Timur 63263, Indonesia	Jl. Rimau, Banjaran, Girikerto, Sine, Ngawi Regency, East Java 63264, Indonesia	4224	979
H8Q9+5GW, Ngarengan, Jenggrik, Kec. Kedunggalar, Kabupaten Ngawi, Jawa Timur 63254, Indonesia	Jl. Rimau, Banjaran, Girikerto, Sine, Ngawi Regency, East Java 63264, Indonesia	31273	3438
G7QM+VWV, Wonorejo, Kec. Kedunggalar, Kabupaten Ngawi, Jawa Timur 63254, Indonesia	Jl. Rimau, Banjaran, Girikerto, Sine, Ngawi Regency, East Java 63264, Indonesia	25456	2934
Jl. Rimau, Banjaran, Girikerto, Sine, Ngawi Regency, East Java 63264, Indonesia	Jl. Poros, Putat, Tempuran, Kec. Paron, Kabupaten Ngawi, Jawa Timur 63253, Indonesia	37160	3921
Jl. Rimau, Banjaran, Girikerto, Sine, Ngawi Regency, East Java 63264, Indonesia	Jl. Ketanggung No.20, Krajan, Kuniran, Sine, Kabupaten Ngawi, Jawa Timur 63264, Indonesia	12141	1581
C5P8+8CP Pariwisata wonosari, Gondangrejo, Wonosari, Sine, Kabupaten Ngawi, Jawa Timur 63264, Indonesia	Jl. Rimau, Banjaran, Girikerto, Sine, Ngawi Regency, East Java 63264, Indonesia	2596	612
H6V3+472, Kauman, Widodaren, Ngawi Regency, East Java 63256, Indonesia	C6HG+HGM, Hutan, Hutan Jogorogo, Jogorogo, Kabupaten Ngawi, Jawa Timur 63262, Indonesia	26811	2716
H6V3+472, Kauman, Widodaren, Ngawi Regency, East Java 63256, Indonesia	F635+QQ2, Besek, Hargomulyo, Ngrambe, Kabupaten Ngawi, Jawa Timur 63263, Indonesia	21161	2205
H6V3+472, Kauman, Widodaren, Ngawi Regency, East Java 63256, Indonesia	G4QW+2XP, Pohbebek, Tulakan, Sine, Kabupaten Ngawi, Jawa Timur 63264, Indonesia	17941	2154
H6V3+472, Kauman, Widodaren, Ngawi Regency, East Java 63256, Indonesia	Jl. Water Park Tirtomolo, Sambi, Tempuran, Kec. Paron, Kabupaten Ngawi, Jawa Timur 63253, Indonesia	37415	3355
H6V3+472, Kauman, Widodaren, Ngawi Regency, East Java 63256, Indonesia	Jl. Ngrambe - Jogorogo, Sola, Setono, Ngrambe, Kabupaten Ngawi, Jawa Timur 63263, Indonesia	18762	1812
H6V3+472, Kauman, Widodaren, Ngawi Regency, East Java 63256, Indonesia	Depan SMP 1 Ngrambe Jl Musi No 12, RT. 04 RW. 05, Ngrambe, Ngawi, Sidorejo, Ngrambe, Kabupaten Ngawi, Jawa Timur 63263, Indonesia	14649	1421
Jalan Tanpa Nama, Ngendut, Hargomulyo, Ngrambe, Kabupaten Ngawi, Jawa Timur 63263, Indonesia	H6V3+472, Kauman, Widodaren, Ngawi Regency, East Java 63256, Indonesia	20242	2108
H6V3+472, Kauman, Widodaren, Ngawi Regency, East Java 63256, Indonesia	Sumberejo Sine, Area Kebun, Sumberejo, Sine, Kabupaten Ngawi, Jawa Timur 63264, Indonesia	19018	1881
Dusun Brendil Provinsi, Hutan, Babadan, Kec. Paron, Kabupaten Ngawi, Jawa Timur 63253, Indonesia	H6V3+472, Kauman, Widodaren, Ngawi Regency, East Java 63256, Indonesia	26235	2775
H6V3+472, Kauman, Widodaren, Ngawi Regency, East Java 63256, Indonesia	C6JX+PQ2, Gagar, Ngrayudan, Jogorogo, Kabupaten Ngawi, Jawa Timur 63262, Indonesia	27133	3005
H6V3+472, Kauman, Widodaren, Ngawi Regency, East Java 63256, Indonesia	C5W9+77F, Pandansari, Sine, Kabupaten Ngawi, Jawa Timur 63264, Indonesia	28302	3091
Jalan Tanpa Nama, Punen, Hargomulyo, Ngrambe, Kabupaten Ngawi, Jawa Timur 63263, Indonesia	H6V3+472, Kauman, Widodaren, Ngawi Regency, East Java 63256, Indonesia	22730	2758
H6V3+472, Kauman, Widodaren, Ngawi Regency, East Java 63256, Indonesia	H8Q9+5GW, Ngarengan, Jenggrik, Kec. Kedunggalar, Kabupaten Ngawi, Jawa Timur 63254, Indonesia	17933	1942
H6V3+472, Kauman, Widodaren, Ngawi Regency, East Java 63256, Indonesia	G7QM+VWV, Wonorejo, Kec. Kedunggalar, Kabupaten Ngawi, Jawa Timur 63254, Indonesia	14979	1685
H6V3+472, Kauman, Widodaren, Ngawi Regency, East Java 63256, Indonesia	Jl. Poros, Putat, Tempuran, Kec. Paron, Kabupaten Ngawi, Jawa Timur 63253, Indonesia	30507	3179
H6V3+472, Kauman, Widodaren, Ngawi Regency, East Java 63256, Indonesia	Jl. Ketanggung No.20, Krajan, Kuniran, Sine, Kabupaten Ngawi, Jawa Timur 63264, Indonesia	19687	2071
C5P8+8CP Pariwisata wonosari, Gondangrejo, Wonosari, Sine, Kabupaten Ngawi, Jawa Timur 63264, Indonesia	H6V3+472, Kauman, Widodaren, Ngawi Regency, East Java 63256, Indonesia	30238	3309
F635+QQ2, Besek, Hargomulyo, Ngrambe, Kabupaten Ngawi, Jawa Timur 63263, Indonesia	C6HG+HGM, Hutan, Hutan Jogorogo, Jogorogo, Kabupaten Ngawi, Jawa Timur 63262, Indonesia	9380	1520
G4QW+2XP, Pohbebek, Tulakan, Sine, Kabupaten Ngawi, Jawa Timur 63264, Indonesia	C6HG+HGM, Hutan, Hutan Jogorogo, Jogorogo, Kabupaten Ngawi, Jawa Timur 63262, Indonesia	23010	2466
Jl. Water Park Tirtomolo, Sambi, Tempuran, Kec. Paron, Kabupaten Ngawi, Jawa Timur 63253, Indonesia	C6HG+HGM, Hutan, Hutan Jogorogo, Jogorogo, Kabupaten Ngawi, Jawa Timur 63262, Indonesia	30502	2919
Jl. Ngrambe - Jogorogo, Sola, Setono, Ngrambe, Kabupaten Ngawi, Jawa Timur 63263, Indonesia	C6HG+HGM, Hutan, Hutan Jogorogo, Jogorogo, Kabupaten Ngawi, Jawa Timur 63262, Indonesia	8048	908
Depan SMP 1 Ngrambe Jl Musi No 12, RT. 04 RW. 05, Ngrambe, Ngawi, Sidorejo, Ngrambe, Kabupaten Ngawi, Jawa Timur 63263, Indonesia	C6HG+HGM, Hutan, Hutan Jogorogo, Jogorogo, Kabupaten Ngawi, Jawa Timur 63262, Indonesia	11382	1327
Jalan Tanpa Nama, Ngendut, Hargomulyo, Ngrambe, Kabupaten Ngawi, Jawa Timur 63263, Indonesia	C6HG+HGM, Hutan, Hutan Jogorogo, Jogorogo, Kabupaten Ngawi, Jawa Timur 63262, Indonesia	15243	1747
Sumberejo Sine, Area Kebun, Sumberejo, Sine, Kabupaten Ngawi, Jawa Timur 63264, Indonesia	C6HG+HGM, Hutan, Hutan Jogorogo, Jogorogo, Kabupaten Ngawi, Jawa Timur 63262, Indonesia	14421	1588
Dusun Brendil Provinsi, Hutan, Babadan, Kec. Paron, Kabupaten Ngawi, Jawa Timur 63253, Indonesia	C6HG+HGM, Hutan, Hutan Jogorogo, Jogorogo, Kabupaten Ngawi, Jawa Timur 63262, Indonesia	16587	1819
C6JX+PQ2, Gagar, Ngrayudan, Jogorogo, Kabupaten Ngawi, Jawa Timur 63262, Indonesia	C6HG+HGM, Hutan, Hutan Jogorogo, Jogorogo, Kabupaten Ngawi, Jawa Timur 63262, Indonesia	2896	405
C5W9+77F, Pandansari, Sine, Kabupaten Ngawi, Jawa Timur 63264, Indonesia	C6HG+HGM, Hutan, Hutan Jogorogo, Jogorogo, Kabupaten Ngawi, Jawa Timur 63262, Indonesia	23705	2798
Jalan Tanpa Nama, Punen, Hargomulyo, Ngrambe, Kabupaten Ngawi, Jawa Timur 63263, Indonesia	C6HG+HGM, Hutan, Hutan Jogorogo, Jogorogo, Kabupaten Ngawi, Jawa Timur 63262, Indonesia	17732	2397
H8Q9+5GW, Ngarengan, Jenggrik, Kec. Kedunggalar, Kabupaten Ngawi, Jawa Timur 63254, Indonesia	C6HG+HGM, Hutan, Hutan Jogorogo, Jogorogo, Kabupaten Ngawi, Jawa Timur 63262, Indonesia	21443	2204
G7QM+VWV, Wonorejo, Kec. Kedunggalar, Kabupaten Ngawi, Jawa Timur 63254, Indonesia	C6HG+HGM, Hutan, Hutan Jogorogo, Jogorogo, Kabupaten Ngawi, Jawa Timur 63262, Indonesia	15626	1700
Jl. Poros, Putat, Tempuran, Kec. Paron, Kabupaten Ngawi, Jawa Timur 63253, Indonesia	C6HG+HGM, Hutan, Hutan Jogorogo, Jogorogo, Kabupaten Ngawi, Jawa Timur 63262, Indonesia	27330	2687
Jl. Ketanggung No.20, Krajan, Kuniran, Sine, Kabupaten Ngawi, Jawa Timur 63264, Indonesia	C6HG+HGM, Hutan, Hutan Jogorogo, Jogorogo, Kabupaten Ngawi, Jawa Timur 63262, Indonesia	17334	1879
C5P8+8CP Pariwisata wonosari, Gondangrejo, Wonosari, Sine, Kabupaten Ngawi, Jawa Timur 63264, Indonesia	C6HG+HGM, Hutan, Hutan Jogorogo, Jogorogo, Kabupaten Ngawi, Jawa Timur 63262, Indonesia	25641	3016
F635+QQ2, Besek, Hargomulyo, Ngrambe, Kabupaten Ngawi, Jawa Timur 63263, Indonesia	G4QW+2XP, Pohbebek, Tulakan, Sine, Kabupaten Ngawi, Jawa Timur 63264, Indonesia	17360	1906
F635+QQ2, Besek, Hargomulyo, Ngrambe, Kabupaten Ngawi, Jawa Timur 63263, Indonesia	Jl. Water Park Tirtomolo, Sambi, Tempuran, Kec. Paron, Kabupaten Ngawi, Jawa Timur 63253, Indonesia	35453	3380
Jl. Ngrambe - Jogorogo, Sola, Setono, Ngrambe, Kabupaten Ngawi, Jawa Timur 63263, Indonesia	F635+QQ2, Besek, Hargomulyo, Ngrambe, Kabupaten Ngawi, Jawa Timur 63263, Indonesia	8114	896
Depan SMP 1 Ngrambe Jl Musi No 12, RT. 04 RW. 05, Ngrambe, Ngawi, Sidorejo, Ngrambe, Kabupaten Ngawi, Jawa Timur 63263, Indonesia	F635+QQ2, Besek, Hargomulyo, Ngrambe, Kabupaten Ngawi, Jawa Timur 63263, Indonesia	6705	803
Jalan Tanpa Nama, Ngendut, Hargomulyo, Ngrambe, Kabupaten Ngawi, Jawa Timur 63263, Indonesia	F635+QQ2, Besek, Hargomulyo, Ngrambe, Kabupaten Ngawi, Jawa Timur 63263, Indonesia	4301	632
F635+QQ2, Besek, Hargomulyo, Ngrambe, Kabupaten Ngawi, Jawa Timur 63263, Indonesia	Sumberejo Sine, Area Kebun, Sumberejo, Sine, Kabupaten Ngawi, Jawa Timur 63264, Indonesia	8771	1028
Dusun Brendil Provinsi, Hutan, Babadan, Kec. Paron, Kabupaten Ngawi, Jawa Timur 63253, Indonesia	F635+QQ2, Besek, Hargomulyo, Ngrambe, Kabupaten Ngawi, Jawa Timur 63263, Indonesia	21538	2281
C6JX+PQ2, Gagar, Ngrayudan, Jogorogo, Kabupaten Ngawi, Jawa Timur 63262, Indonesia	F635+QQ2, Besek, Hargomulyo, Ngrambe, Kabupaten Ngawi, Jawa Timur 63263, Indonesia	16484	2089
F635+QQ2, Besek, Hargomulyo, Ngrambe, Kabupaten Ngawi, Jawa Timur 63263, Indonesia	C5W9+77F, Pandansari, Sine, Kabupaten Ngawi, Jawa Timur 63264, Indonesia	18056	2238
Jalan Tanpa Nama, Punen, Hargomulyo, Ngrambe, Kabupaten Ngawi, Jawa Timur 63263, Indonesia	F635+QQ2, Besek, Hargomulyo, Ngrambe, Kabupaten Ngawi, Jawa Timur 63263, Indonesia	4103	946
F635+QQ2, Besek, Hargomulyo, Ngrambe, Kabupaten Ngawi, Jawa Timur 63263, Indonesia	H8Q9+5GW, Ngarengan, Jenggrik, Kec. Kedunggalar, Kabupaten Ngawi, Jawa Timur 63254, Indonesia	26394	2666
G7QM+VWV, Wonorejo, Kec. Kedunggalar, Kabupaten Ngawi, Jawa Timur 63254, Indonesia	F635+QQ2, Besek, Hargomulyo, Ngrambe, Kabupaten Ngawi, Jawa Timur 63263, Indonesia	20577	2162
F635+QQ2, Besek, Hargomulyo, Ngrambe, Kabupaten Ngawi, Jawa Timur 63263, Indonesia	Jl. Poros, Putat, Tempuran, Kec. Paron, Kabupaten Ngawi, Jawa Timur 63253, Indonesia	32281	3149
F635+QQ2, Besek, Hargomulyo, Ngrambe, Kabupaten Ngawi, Jawa Timur 63263, Indonesia	Jl. Ketanggung No.20, Krajan, Kuniran, Sine, Kabupaten Ngawi, Jawa Timur 63264, Indonesia	11684	1320
C5P8+8CP Pariwisata wonosari, Gondangrejo, Wonosari, Sine, Kabupaten Ngawi, Jawa Timur 63264, Indonesia	F635+QQ2, Besek, Hargomulyo, Ngrambe, Kabupaten Ngawi, Jawa Timur 63263, Indonesia	19991	2456
Jl. Water Park Tirtomolo, Sambi, Tempuran, Kec. Paron, Kabupaten Ngawi, Jawa Timur 63253, Indonesia	G4QW+2XP, Pohbebek, Tulakan, Sine, Kabupaten Ngawi, Jawa Timur 63264, Indonesia	57609	3561
Jl. Ngrambe - Jogorogo, Sola, Setono, Ngrambe, Kabupaten Ngawi, Jawa Timur 63263, Indonesia	G4QW+2XP, Pohbebek, Tulakan, Sine, Kabupaten Ngawi, Jawa Timur 63264, Indonesia	14962	1547
Depan SMP 1 Ngrambe Jl Musi No 12, RT. 04 RW. 05, Ngrambe, Ngawi, Sidorejo, Ngrambe, Kabupaten Ngawi, Jawa Timur 63263, Indonesia	G4QW+2XP, Pohbebek, Tulakan, Sine, Kabupaten Ngawi, Jawa Timur 63264, Indonesia	10298	1410
Jalan Tanpa Nama, Ngendut, Hargomulyo, Ngrambe, Kabupaten Ngawi, Jawa Timur 63263, Indonesia	G4QW+2XP, Pohbebek, Tulakan, Sine, Kabupaten Ngawi, Jawa Timur 63264, Indonesia	16441	1844
G4QW+2XP, Pohbebek, Tulakan, Sine, Kabupaten Ngawi, Jawa Timur 63264, Indonesia	Sumberejo Sine, Area Kebun, Sumberejo, Sine, Kabupaten Ngawi, Jawa Timur 63264, Indonesia	8589	888
Dusun Brendil Provinsi, Hutan, Babadan, Kec. Paron, Kabupaten Ngawi, Jawa Timur 63253, Indonesia	G4QW+2XP, Pohbebek, Tulakan, Sine, Kabupaten Ngawi, Jawa Timur 63264, Indonesia	28385	2932
C6JX+PQ2, Gagar, Ngrayudan, Jogorogo, Kabupaten Ngawi, Jawa Timur 63262, Indonesia	G4QW+2XP, Pohbebek, Tulakan, Sine, Kabupaten Ngawi, Jawa Timur 63264, Indonesia	23332	2740
C5W9+77F, Pandansari, Sine, Kabupaten Ngawi, Jawa Timur 63264, Indonesia	G4QW+2XP, Pohbebek, Tulakan, Sine, Kabupaten Ngawi, Jawa Timur 63264, Indonesia	13257	1660
Jalan Tanpa Nama, Punen, Hargomulyo, Ngrambe, Kabupaten Ngawi, Jawa Timur 63263, Indonesia	G4QW+2XP, Pohbebek, Tulakan, Sine, Kabupaten Ngawi, Jawa Timur 63264, Indonesia	18324	2444
H8Q9+5GW, Ngarengan, Jenggrik, Kec. Kedunggalar, Kabupaten Ngawi, Jawa Timur 63254, Indonesia	G4QW+2XP, Pohbebek, Tulakan, Sine, Kabupaten Ngawi, Jawa Timur 63264, Indonesia	24947	3152
G7QM+VWV, Wonorejo, Kec. Kedunggalar, Kabupaten Ngawi, Jawa Timur 63254, Indonesia	G4QW+2XP, Pohbebek, Tulakan, Sine, Kabupaten Ngawi, Jawa Timur 63264, Indonesia	27424	2813
G4QW+2XP, Pohbebek, Tulakan, Sine, Kabupaten Ngawi, Jawa Timur 63264, Indonesia	Jl. Poros, Putat, Tempuran, Kec. Paron, Kabupaten Ngawi, Jawa Timur 63253, Indonesia	57152	3620
G4QW+2XP, Pohbebek, Tulakan, Sine, Kabupaten Ngawi, Jawa Timur 63264, Indonesia	Jl. Ketanggung No.20, Krajan, Kuniran, Sine, Kabupaten Ngawi, Jawa Timur 63264, Indonesia	5676	599
C5P8+8CP Pariwisata wonosari, Gondangrejo, Wonosari, Sine, Kabupaten Ngawi, Jawa Timur 63264, Indonesia	G4QW+2XP, Pohbebek, Tulakan, Sine, Kabupaten Ngawi, Jawa Timur 63264, Indonesia	15192	1878
Jl. Ngrambe - Jogorogo, Sola, Setono, Ngrambe, Kabupaten Ngawi, Jawa Timur 63263, Indonesia	Jl. Water Park Tirtomolo, Sambi, Tempuran, Kec. Paron, Kabupaten Ngawi, Jawa Timur 63253, Indonesia	27339	2510
Depan SMP 1 Ngrambe Jl Musi No 12, RT. 04 RW. 05, Ngrambe, Ngawi, Sidorejo, Ngrambe, Kabupaten Ngawi, Jawa Timur 63263, Indonesia	Jl. Water Park Tirtomolo, Sambi, Tempuran, Kec. Paron, Kabupaten Ngawi, Jawa Timur 63253, Indonesia	30673	2929
Jalan Tanpa Nama, Ngendut, Hargomulyo, Ngrambe, Kabupaten Ngawi, Jawa Timur 63263, Indonesia	Jl. Water Park Tirtomolo, Sambi, Tempuran, Kec. Paron, Kabupaten Ngawi, Jawa Timur 63253, Indonesia	34534	3350
Jl. Water Park Tirtomolo, Sambi, Tempuran, Kec. Paron, Kabupaten Ngawi, Jawa Timur 63253, Indonesia	Sumberejo Sine, Area Kebun, Sumberejo, Sine, Kabupaten Ngawi, Jawa Timur 63264, Indonesia	33712	3190
Dusun Brendil Provinsi, Hutan, Babadan, Kec. Paron, Kabupaten Ngawi, Jawa Timur 63253, Indonesia	Jl. Water Park Tirtomolo, Sambi, Tempuran, Kec. Paron, Kabupaten Ngawi, Jawa Timur 63253, Indonesia	18277	1872
C6JX+PQ2, Gagar, Ngrayudan, Jogorogo, Kabupaten Ngawi, Jawa Timur 63262, Indonesia	Jl. Water Park Tirtomolo, Sambi, Tempuran, Kec. Paron, Kabupaten Ngawi, Jawa Timur 63253, Indonesia	29080	2857
Jl. Water Park Tirtomolo, Sambi, Tempuran, Kec. Paron, Kabupaten Ngawi, Jawa Timur 63253, Indonesia	C5W9+77F, Pandansari, Sine, Kabupaten Ngawi, Jawa Timur 63264, Indonesia	42996	4400
Jalan Tanpa Nama, Punen, Hargomulyo, Ngrambe, Kabupaten Ngawi, Jawa Timur 63263, Indonesia	Jl. Water Park Tirtomolo, Sambi, Tempuran, Kec. Paron, Kabupaten Ngawi, Jawa Timur 63253, Indonesia	37023	3999
Jl. Water Park Tirtomolo, Sambi, Tempuran, Kec. Paron, Kabupaten Ngawi, Jawa Timur 63253, Indonesia	H8Q9+5GW, Ngarengan, Jenggrik, Kec. Kedunggalar, Kabupaten Ngawi, Jawa Timur 63254, Indonesia	21059	1871
G7QM+VWV, Wonorejo, Kec. Kedunggalar, Kabupaten Ngawi, Jawa Timur 63254, Indonesia	Jl. Water Park Tirtomolo, Sambi, Tempuran, Kec. Paron, Kabupaten Ngawi, Jawa Timur 63253, Indonesia	22091	2255
Jl. Water Park Tirtomolo, Sambi, Tempuran, Kec. Paron, Kabupaten Ngawi, Jawa Timur 63253, Indonesia	Jl. Poros, Putat, Tempuran, Kec. Paron, Kabupaten Ngawi, Jawa Timur 63253, Indonesia	2243	247
Jl. Water Park Tirtomolo, Sambi, Tempuran, Kec. Paron, Kabupaten Ngawi, Jawa Timur 63253, Indonesia	Jl. Ketanggung No.20, Krajan, Kuniran, Sine, Kabupaten Ngawi, Jawa Timur 63264, Indonesia	36624	3482
C5P8+8CP Pariwisata wonosari, Gondangrejo, Wonosari, Sine, Kabupaten Ngawi, Jawa Timur 63264, Indonesia	Jl. Water Park Tirtomolo, Sambi, Tempuran, Kec. Paron, Kabupaten Ngawi, Jawa Timur 63253, Indonesia	44931	4619
Jl. Ngrambe - Jogorogo, Sola, Setono, Ngrambe, Kabupaten Ngawi, Jawa Timur 63263, Indonesia	Depan SMP 1 Ngrambe Jl Musi No 12, RT. 04 RW. 05, Ngrambe, Ngawi, Sidorejo, Ngrambe, Kabupaten Ngawi, Jawa Timur 63263, Indonesia	3333	419
Jalan Tanpa Nama, Ngendut, Hargomulyo, Ngrambe, Kabupaten Ngawi, Jawa Timur 63263, Indonesia	Jl. Ngrambe - Jogorogo, Sola, Setono, Ngrambe, Kabupaten Ngawi, Jawa Timur 63263, Indonesia	7195	839
Jl. Ngrambe - Jogorogo, Sola, Setono, Ngrambe, Kabupaten Ngawi, Jawa Timur 63263, Indonesia	Sumberejo Sine, Area Kebun, Sumberejo, Sine, Kabupaten Ngawi, Jawa Timur 63264, Indonesia	6373	680
Dusun Brendil Provinsi, Hutan, Babadan, Kec. Paron, Kabupaten Ngawi, Jawa Timur 63253, Indonesia	Jl. Ngrambe - Jogorogo, Sola, Setono, Ngrambe, Kabupaten Ngawi, Jawa Timur 63263, Indonesia	13424	1386
Jl. Ngrambe - Jogorogo, Sola, Setono, Ngrambe, Kabupaten Ngawi, Jawa Timur 63263, Indonesia	C6JX+PQ2, Gagar, Ngrayudan, Jogorogo, Kabupaten Ngawi, Jawa Timur 63262, Indonesia	8370	1193
Jl. Ngrambe - Jogorogo, Sola, Setono, Ngrambe, Kabupaten Ngawi, Jawa Timur 63263, Indonesia	C5W9+77F, Pandansari, Sine, Kabupaten Ngawi, Jawa Timur 63264, Indonesia	15657	1890
Jalan Tanpa Nama, Punen, Hargomulyo, Ngrambe, Kabupaten Ngawi, Jawa Timur 63263, Indonesia	Jl. Ngrambe - Jogorogo, Sola, Setono, Ngrambe, Kabupaten Ngawi, Jawa Timur 63263, Indonesia	9684	1489
Jl. Ngrambe - Jogorogo, Sola, Setono, Ngrambe, Kabupaten Ngawi, Jawa Timur 63263, Indonesia	H8Q9+5GW, Ngarengan, Jenggrik, Kec. Kedunggalar, Kabupaten Ngawi, Jawa Timur 63254, Indonesia	18280	1770
Jl. Ngrambe - Jogorogo, Sola, Setono, Ngrambe, Kabupaten Ngawi, Jawa Timur 63263, Indonesia	G7QM+VWV, Wonorejo, Kec. Kedunggalar, Kabupaten Ngawi, Jawa Timur 63254, Indonesia	12463	1266
Jl. Ngrambe - Jogorogo, Sola, Setono, Ngrambe, Kabupaten Ngawi, Jawa Timur 63263, Indonesia	Jl. Poros, Putat, Tempuran, Kec. Paron, Kabupaten Ngawi, Jawa Timur 63253, Indonesia	24167	2253
Jl. Ngrambe - Jogorogo, Sola, Setono, Ngrambe, Kabupaten Ngawi, Jawa Timur 63263, Indonesia	Jl. Ketanggung No.20, Krajan, Kuniran, Sine, Kabupaten Ngawi, Jawa Timur 63264, Indonesia	9285	972
C5P8+8CP Pariwisata wonosari, Gondangrejo, Wonosari, Sine, Kabupaten Ngawi, Jawa Timur 63264, Indonesia	Jl. Ngrambe - Jogorogo, Sola, Setono, Ngrambe, Kabupaten Ngawi, Jawa Timur 63263, Indonesia	17592	2108
Jalan Tanpa Nama, Ngendut, Hargomulyo, Ngrambe, Kabupaten Ngawi, Jawa Timur 63263, Indonesia	Depan SMP 1 Ngrambe Jl Musi No 12, RT. 04 RW. 05, Ngrambe, Ngawi, Sidorejo, Ngrambe, Kabupaten Ngawi, Jawa Timur 63263, Indonesia	5786	735
Depan SMP 1 Ngrambe Jl Musi No 12, RT. 04 RW. 05, Ngrambe, Ngawi, Sidorejo, Ngrambe, Kabupaten Ngawi, Jawa Timur 63263, Indonesia	Sumberejo Sine, Area Kebun, Sumberejo, Sine, Kabupaten Ngawi, Jawa Timur 63264, Indonesia	4562	507
Dusun Brendil Provinsi, Hutan, Babadan, Kec. Paron, Kabupaten Ngawi, Jawa Timur 63253, Indonesia	Depan SMP 1 Ngrambe Jl Musi No 12, RT. 04 RW. 05, Ngrambe, Ngawi, Sidorejo, Ngrambe, Kabupaten Ngawi, Jawa Timur 63263, Indonesia	16757	1798
Depan SMP 1 Ngrambe Jl Musi No 12, RT. 04 RW. 05, Ngrambe, Ngawi, Sidorejo, Ngrambe, Kabupaten Ngawi, Jawa Timur 63263, Indonesia	C6JX+PQ2, Gagar, Ngrayudan, Jogorogo, Kabupaten Ngawi, Jawa Timur 63262, Indonesia	11704	1605
Depan SMP 1 Ngrambe Jl Musi No 12, RT. 04 RW. 05, Ngrambe, Ngawi, Sidorejo, Ngrambe, Kabupaten Ngawi, Jawa Timur 63263, Indonesia	C5W9+77F, Pandansari, Sine, Kabupaten Ngawi, Jawa Timur 63264, Indonesia	13847	1717
Jalan Tanpa Nama, Punen, Hargomulyo, Ngrambe, Kabupaten Ngawi, Jawa Timur 63263, Indonesia	Depan SMP 1 Ngrambe Jl Musi No 12, RT. 04 RW. 05, Ngrambe, Ngawi, Sidorejo, Ngrambe, Kabupaten Ngawi, Jawa Timur 63263, Indonesia	8275	1384
Depan SMP 1 Ngrambe Jl Musi No 12, RT. 04 RW. 05, Ngrambe, Ngawi, Sidorejo, Ngrambe, Kabupaten Ngawi, Jawa Timur 63263, Indonesia	H8Q9+5GW, Ngarengan, Jenggrik, Kec. Kedunggalar, Kabupaten Ngawi, Jawa Timur 63254, Indonesia	21613	2182
Depan SMP 1 Ngrambe Jl Musi No 12, RT. 04 RW. 05, Ngrambe, Ngawi, Sidorejo, Ngrambe, Kabupaten Ngawi, Jawa Timur 63263, Indonesia	G7QM+VWV, Wonorejo, Kec. Kedunggalar, Kabupaten Ngawi, Jawa Timur 63254, Indonesia	15796	1678
Depan SMP 1 Ngrambe Jl Musi No 12, RT. 04 RW. 05, Ngrambe, Ngawi, Sidorejo, Ngrambe, Kabupaten Ngawi, Jawa Timur 63263, Indonesia	Jl. Poros, Putat, Tempuran, Kec. Paron, Kabupaten Ngawi, Jawa Timur 63253, Indonesia	27500	2665
Depan SMP 1 Ngrambe Jl Musi No 12, RT. 04 RW. 05, Ngrambe, Ngawi, Sidorejo, Ngrambe, Kabupaten Ngawi, Jawa Timur 63263, Indonesia	Jl. Ketanggung No.20, Krajan, Kuniran, Sine, Kabupaten Ngawi, Jawa Timur 63264, Indonesia	7475	799
C5P8+8CP Pariwisata wonosari, Gondangrejo, Wonosari, Sine, Kabupaten Ngawi, Jawa Timur 63264, Indonesia	Depan SMP 1 Ngrambe Jl Musi No 12, RT. 04 RW. 05, Ngrambe, Ngawi, Sidorejo, Ngrambe, Kabupaten Ngawi, Jawa Timur 63263, Indonesia	15782	1935
Jalan Tanpa Nama, Ngendut, Hargomulyo, Ngrambe, Kabupaten Ngawi, Jawa Timur 63263, Indonesia	Sumberejo Sine, Area Kebun, Sumberejo, Sine, Kabupaten Ngawi, Jawa Timur 63264, Indonesia	7852	963
Jalan Tanpa Nama, Ngendut, Hargomulyo, Ngrambe, Kabupaten Ngawi, Jawa Timur 63263, Indonesia	Dusun Brendil Provinsi, Hutan, Babadan, Kec. Paron, Kabupaten Ngawi, Jawa Timur 63253, Indonesia	20619	2216
Jalan Tanpa Nama, Ngendut, Hargomulyo, Ngrambe, Kabupaten Ngawi, Jawa Timur 63263, Indonesia	C6JX+PQ2, Gagar, Ngrayudan, Jogorogo, Kabupaten Ngawi, Jawa Timur 63262, Indonesia	15565	2023
Jalan Tanpa Nama, Ngendut, Hargomulyo, Ngrambe, Kabupaten Ngawi, Jawa Timur 63263, Indonesia	C5W9+77F, Pandansari, Sine, Kabupaten Ngawi, Jawa Timur 63264, Indonesia	17137	2172
Jalan Tanpa Nama, Ngendut, Hargomulyo, Ngrambe, Kabupaten Ngawi, Jawa Timur 63263, Indonesia	Jalan Tanpa Nama, Punen, Hargomulyo, Ngrambe, Kabupaten Ngawi, Jawa Timur 63263, Indonesia	3377	875
Jalan Tanpa Nama, Ngendut, Hargomulyo, Ngrambe, Kabupaten Ngawi, Jawa Timur 63263, Indonesia	H8Q9+5GW, Ngarengan, Jenggrik, Kec. Kedunggalar, Kabupaten Ngawi, Jawa Timur 63254, Indonesia	25475	2600
Jalan Tanpa Nama, Ngendut, Hargomulyo, Ngrambe, Kabupaten Ngawi, Jawa Timur 63263, Indonesia	G7QM+VWV, Wonorejo, Kec. Kedunggalar, Kabupaten Ngawi, Jawa Timur 63254, Indonesia	19658	2096
Jalan Tanpa Nama, Ngendut, Hargomulyo, Ngrambe, Kabupaten Ngawi, Jawa Timur 63263, Indonesia	Jl. Poros, Putat, Tempuran, Kec. Paron, Kabupaten Ngawi, Jawa Timur 63253, Indonesia	31362	3083
Jalan Tanpa Nama, Ngendut, Hargomulyo, Ngrambe, Kabupaten Ngawi, Jawa Timur 63263, Indonesia	Jl. Ketanggung No.20, Krajan, Kuniran, Sine, Kabupaten Ngawi, Jawa Timur 63264, Indonesia	10765	1254
Jalan Tanpa Nama, Ngendut, Hargomulyo, Ngrambe, Kabupaten Ngawi, Jawa Timur 63263, Indonesia	C5P8+8CP Pariwisata wonosari, Gondangrejo, Wonosari, Sine, Kabupaten Ngawi, Jawa Timur 63264, Indonesia	19072	2391
Dusun Brendil Provinsi, Hutan, Babadan, Kec. Paron, Kabupaten Ngawi, Jawa Timur 63253, Indonesia	Sumberejo Sine, Area Kebun, Sumberejo, Sine, Kabupaten Ngawi, Jawa Timur 63264, Indonesia	19796	2045
C6JX+PQ2, Gagar, Ngrayudan, Jogorogo, Kabupaten Ngawi, Jawa Timur 63262, Indonesia	Sumberejo Sine, Area Kebun, Sumberejo, Sine, Kabupaten Ngawi, Jawa Timur 63264, Indonesia	14743	1852
C5W9+77F, Pandansari, Sine, Kabupaten Ngawi, Jawa Timur 63264, Indonesia	Sumberejo Sine, Area Kebun, Sumberejo, Sine, Kabupaten Ngawi, Jawa Timur 63264, Indonesia	9285	1210
Jalan Tanpa Nama, Punen, Hargomulyo, Ngrambe, Kabupaten Ngawi, Jawa Timur 63263, Indonesia	Sumberejo Sine, Area Kebun, Sumberejo, Sine, Kabupaten Ngawi, Jawa Timur 63264, Indonesia	9735	1556
H8Q9+5GW, Ngarengan, Jenggrik, Kec. Kedunggalar, Kabupaten Ngawi, Jawa Timur 63254, Indonesia	Sumberejo Sine, Area Kebun, Sumberejo, Sine, Kabupaten Ngawi, Jawa Timur 63264, Indonesia	24653	2429
G7QM+VWV, Wonorejo, Kec. Kedunggalar, Kabupaten Ngawi, Jawa Timur 63254, Indonesia	Sumberejo Sine, Area Kebun, Sumberejo, Sine, Kabupaten Ngawi, Jawa Timur 63264, Indonesia	18836	1926
Sumberejo Sine, Area Kebun, Sumberejo, Sine, Kabupaten Ngawi, Jawa Timur 63264, Indonesia	Jl. Poros, Putat, Tempuran, Kec. Paron, Kabupaten Ngawi, Jawa Timur 63253, Indonesia	30539	2912
Sumberejo Sine, Area Kebun, Sumberejo, Sine, Kabupaten Ngawi, Jawa Timur 63264, Indonesia	Jl. Ketanggung No.20, Krajan, Kuniran, Sine, Kabupaten Ngawi, Jawa Timur 63264, Indonesia	2913	291
C5P8+8CP Pariwisata wonosari, Gondangrejo, Wonosari, Sine, Kabupaten Ngawi, Jawa Timur 63264, Indonesia	Sumberejo Sine, Area Kebun, Sumberejo, Sine, Kabupaten Ngawi, Jawa Timur 63264, Indonesia	11220	1428
Dusun Brendil Provinsi, Hutan, Babadan, Kec. Paron, Kabupaten Ngawi, Jawa Timur 63253, Indonesia	C6JX+PQ2, Gagar, Ngrayudan, Jogorogo, Kabupaten Ngawi, Jawa Timur 63262, Indonesia	15164	1755
Dusun Brendil Provinsi, Hutan, Babadan, Kec. Paron, Kabupaten Ngawi, Jawa Timur 63253, Indonesia	C5W9+77F, Pandansari, Sine, Kabupaten Ngawi, Jawa Timur 63264, Indonesia	29081	3298
Dusun Brendil Provinsi, Hutan, Babadan, Kec. Paron, Kabupaten Ngawi, Jawa Timur 63253, Indonesia	Jalan Tanpa Nama, Punen, Hargomulyo, Ngrambe, Kabupaten Ngawi, Jawa Timur 63263, Indonesia	23107	2897
Dusun Brendil Provinsi, Hutan, Babadan, Kec. Paron, Kabupaten Ngawi, Jawa Timur 63253, Indonesia	H8Q9+5GW, Ngarengan, Jenggrik, Kec. Kedunggalar, Kabupaten Ngawi, Jawa Timur 63254, Indonesia	17584	1904
Dusun Brendil Provinsi, Hutan, Babadan, Kec. Paron, Kabupaten Ngawi, Jawa Timur 63253, Indonesia	G7QM+VWV, Wonorejo, Kec. Kedunggalar, Kabupaten Ngawi, Jawa Timur 63254, Indonesia	14647	1606
Dusun Brendil Provinsi, Hutan, Babadan, Kec. Paron, Kabupaten Ngawi, Jawa Timur 63253, Indonesia	Jl. Poros, Putat, Tempuran, Kec. Paron, Kabupaten Ngawi, Jawa Timur 63253, Indonesia	15105	1631
Dusun Brendil Provinsi, Hutan, Babadan, Kec. Paron, Kabupaten Ngawi, Jawa Timur 63253, Indonesia	Jl. Ketanggung No.20, Krajan, Kuniran, Sine, Kabupaten Ngawi, Jawa Timur 63264, Indonesia	22709	2380
C5P8+8CP Pariwisata wonosari, Gondangrejo, Wonosari, Sine, Kabupaten Ngawi, Jawa Timur 63264, Indonesia	Dusun Brendil Provinsi, Hutan, Babadan, Kec. Paron, Kabupaten Ngawi, Jawa Timur 63253, Indonesia	31016	3516
C6JX+PQ2, Gagar, Ngrayudan, Jogorogo, Kabupaten Ngawi, Jawa Timur 63262, Indonesia	C5W9+77F, Pandansari, Sine, Kabupaten Ngawi, Jawa Timur 63264, Indonesia	24027	3069
Jalan Tanpa Nama, Punen, Hargomulyo, Ngrambe, Kabupaten Ngawi, Jawa Timur 63263, Indonesia	C6JX+PQ2, Gagar, Ngrayudan, Jogorogo, Kabupaten Ngawi, Jawa Timur 63262, Indonesia	18054	2668
C6JX+PQ2, Gagar, Ngrayudan, Jogorogo, Kabupaten Ngawi, Jawa Timur 63262, Indonesia	H8Q9+5GW, Ngarengan, Jenggrik, Kec. Kedunggalar, Kabupaten Ngawi, Jawa Timur 63254, Indonesia	24274	2435
G7QM+VWV, Wonorejo, Kec. Kedunggalar, Kabupaten Ngawi, Jawa Timur 63254, Indonesia	C6JX+PQ2, Gagar, Ngrayudan, Jogorogo, Kabupaten Ngawi, Jawa Timur 63262, Indonesia	18457	1931
C6JX+PQ2, Gagar, Ngrayudan, Jogorogo, Kabupaten Ngawi, Jawa Timur 63262, Indonesia	Jl. Poros, Putat, Tempuran, Kec. Paron, Kabupaten Ngawi, Jawa Timur 63253, Indonesia	25907	2580
C6JX+PQ2, Gagar, Ngrayudan, Jogorogo, Kabupaten Ngawi, Jawa Timur 63262, Indonesia	Jl. Ketanggung No.20, Krajan, Kuniran, Sine, Kabupaten Ngawi, Jawa Timur 63264, Indonesia	17655	2151
C5P8+8CP Pariwisata wonosari, Gondangrejo, Wonosari, Sine, Kabupaten Ngawi, Jawa Timur 63264, Indonesia	C6JX+PQ2, Gagar, Ngrayudan, Jogorogo, Kabupaten Ngawi, Jawa Timur 63262, Indonesia	25962	3288
Jalan Tanpa Nama, Punen, Hargomulyo, Ngrambe, Kabupaten Ngawi, Jawa Timur 63263, Indonesia	C5W9+77F, Pandansari, Sine, Kabupaten Ngawi, Jawa Timur 63264, Indonesia	8828	2007
H8Q9+5GW, Ngarengan, Jenggrik, Kec. Kedunggalar, Kabupaten Ngawi, Jawa Timur 63254, Indonesia	C5W9+77F, Pandansari, Sine, Kabupaten Ngawi, Jawa Timur 63264, Indonesia	33937	3628
G7QM+VWV, Wonorejo, Kec. Kedunggalar, Kabupaten Ngawi, Jawa Timur 63254, Indonesia	C5W9+77F, Pandansari, Sine, Kabupaten Ngawi, Jawa Timur 63264, Indonesia	28120	3125
C5W9+77F, Pandansari, Sine, Kabupaten Ngawi, Jawa Timur 63264, Indonesia	Jl. Poros, Putat, Tempuran, Kec. Paron, Kabupaten Ngawi, Jawa Timur 63253, Indonesia	39824	4111
C5W9+77F, Pandansari, Sine, Kabupaten Ngawi, Jawa Timur 63264, Indonesia	Jl. Ketanggung No.20, Krajan, Kuniran, Sine, Kabupaten Ngawi, Jawa Timur 63264, Indonesia	7581	1050
C5P8+8CP Pariwisata wonosari, Gondangrejo, Wonosari, Sine, Kabupaten Ngawi, Jawa Timur 63264, Indonesia	C5W9+77F, Pandansari, Sine, Kabupaten Ngawi, Jawa Timur 63264, Indonesia	2322	509
Jalan Tanpa Nama, Punen, Hargomulyo, Ngrambe, Kabupaten Ngawi, Jawa Timur 63263, Indonesia	H8Q9+5GW, Ngarengan, Jenggrik, Kec. Kedunggalar, Kabupaten Ngawi, Jawa Timur 63254, Indonesia	27963	3256
Jalan Tanpa Nama, Punen, Hargomulyo, Ngrambe, Kabupaten Ngawi, Jawa Timur 63263, Indonesia	G7QM+VWV, Wonorejo, Kec. Kedunggalar, Kabupaten Ngawi, Jawa Timur 63254, Indonesia	22146	2752
Jalan Tanpa Nama, Punen, Hargomulyo, Ngrambe, Kabupaten Ngawi, Jawa Timur 63263, Indonesia	Jl. Poros, Putat, Tempuran, Kec. Paron, Kabupaten Ngawi, Jawa Timur 63253, Indonesia	33850	3739
Jalan Tanpa Nama, Punen, Hargomulyo, Ngrambe, Kabupaten Ngawi, Jawa Timur 63263, Indonesia	Jl. Ketanggung No.20, Krajan, Kuniran, Sine, Kabupaten Ngawi, Jawa Timur 63264, Indonesia	12648	1807
C5P8+8CP Pariwisata wonosari, Gondangrejo, Wonosari, Sine, Kabupaten Ngawi, Jawa Timur 63264, Indonesia	Jalan Tanpa Nama, Punen, Hargomulyo, Ngrambe, Kabupaten Ngawi, Jawa Timur 63263, Indonesia	6670	1552
G7QM+VWV, Wonorejo, Kec. Kedunggalar, Kabupaten Ngawi, Jawa Timur 63254, Indonesia	H8Q9+5GW, Ngarengan, Jenggrik, Kec. Kedunggalar, Kabupaten Ngawi, Jawa Timur 63254, Indonesia	8467	990
H8Q9+5GW, Ngarengan, Jenggrik, Kec. Kedunggalar, Kabupaten Ngawi, Jawa Timur 63254, Indonesia	Jl. Poros, Putat, Tempuran, Kec. Paron, Kabupaten Ngawi, Jawa Timur 63253, Indonesia	20629	1956
H8Q9+5GW, Ngarengan, Jenggrik, Kec. Kedunggalar, Kabupaten Ngawi, Jawa Timur 63254, Indonesia	Jl. Ketanggung No.20, Krajan, Kuniran, Sine, Kabupaten Ngawi, Jawa Timur 63264, Indonesia	27565	2786
C5P8+8CP Pariwisata wonosari, Gondangrejo, Wonosari, Sine, Kabupaten Ngawi, Jawa Timur 63264, Indonesia	H8Q9+5GW, Ngarengan, Jenggrik, Kec. Kedunggalar, Kabupaten Ngawi, Jawa Timur 63254, Indonesia	35872	3923
G7QM+VWV, Wonorejo, Kec. Kedunggalar, Kabupaten Ngawi, Jawa Timur 63254, Indonesia	Jl. Poros, Putat, Tempuran, Kec. Paron, Kabupaten Ngawi, Jawa Timur 63253, Indonesia	18919	2028
G7QM+VWV, Wonorejo, Kec. Kedunggalar, Kabupaten Ngawi, Jawa Timur 63254, Indonesia	Jl. Ketanggung No.20, Krajan, Kuniran, Sine, Kabupaten Ngawi, Jawa Timur 63264, Indonesia	21748	2262
C5P8+8CP Pariwisata wonosari, Gondangrejo, Wonosari, Sine, Kabupaten Ngawi, Jawa Timur 63264, Indonesia	G7QM+VWV, Wonorejo, Kec. Kedunggalar, Kabupaten Ngawi, Jawa Timur 63254, Indonesia	30055	3399
Jl. Poros, Putat, Tempuran, Kec. Paron, Kabupaten Ngawi, Jawa Timur 63253, Indonesia	Jl. Ketanggung No.20, Krajan, Kuniran, Sine, Kabupaten Ngawi, Jawa Timur 63264, Indonesia	33452	3268
C5P8+8CP Pariwisata wonosari, Gondangrejo, Wonosari, Sine, Kabupaten Ngawi, Jawa Timur 63264, Indonesia	Jl. Poros, Putat, Tempuran, Kec. Paron, Kabupaten Ngawi, Jawa Timur 63253, Indonesia	41759	4405
C5P8+8CP Pariwisata wonosari, Gondangrejo, Wonosari, Sine, Kabupaten Ngawi, Jawa Timur 63264, Indonesia	Jl. Ketanggung No.20, Krajan, Kuniran, Sine, Kabupaten Ngawi, Jawa Timur 63264, Indonesia	9516	1280